INSERT INTO News (id, time, text, title)
VALUES ('c5aadb64-1db1-4e5c-91ad-1b3c1d154af1', '2024-12-25 12:00:00+00', 'This is the content of news item number 1',
        'News Title1'),
       ('1c01bc14-8b14-4e7f-bb4a-111c2d123abc', '2024-12-24 12:00:00+00', 'This is the content of news item number 2',
        'News Title2'),
       ('2a23ad56-b7cd-4c9d-a5e2-124b2d1e9def', '2024-12-23 12:00:00+00', 'This is the content of news item number 3',
        'News Title3'),
       ('3f34cb76-0cbb-4b1d-bc2d-143a2f9e8bcd', '2024-12-22 12:00:00+00', 'This is the content of news item number 4',
        'News Title4'),
       ('8c32ad98-6a45-4b2c-a9e4-112d8b1f9afe', '2024-12-21 12:00:00+00', 'This is the content of news item number 5',
        'News Title5'),
       ('4c01bc14-8b14-4e7f-bb4a-111c2d123bcf', '2024-12-20 12:00:00+00', 'This is the content of news item number 6',
        'News Title6'),
       ('6c01bc14-8b14-4e7f-bb4a-111c2d123bd0', '2024-12-19 12:00:00+00', 'This is the content of news item number 7',
        'News Title7'),
       ('7c01bc14-8b14-4e7f-bb4a-111c2d123bd1', '2024-12-18 12:00:00+00', 'This is the content of news item number 8',
        'News Title8'),
       ('8c01bc14-8b14-4e7f-bb4a-111c2d123bd2', '2024-12-17 12:00:00+00', 'This is the content of news item number 9',
        'News Title9'),
       ('9c01bc14-8b14-4e7f-bb4a-111c2d123bd3', '2024-12-16 12:00:00+00', 'This is the content of news item number 10',
        'News Title10'),
       ('0c11bc14-8b14-4e7f-bb4a-111c2d123bd4', '2024-12-15 12:00:00+00', 'This is the content of news item number 11',
        'News Title11'),
       ('fc02bc14-8b14-4e7f-bb4a-111c2d123bd5', '2024-12-14 12:00:00+00', 'This is the content of news item number 12',
        'News Title12'),
       ('ec02bc14-8b14-4e7f-bb4a-111c2d123bd6', '2024-12-13 12:00:00+00', 'This is the content of news item number 13',
        'News Title13'),
       ('dc02bc14-8b14-4e7f-bb4a-111c2d123bd7', '2024-12-12 12:00:00+00', 'This is the content of news item number 14',
        'News Title14'),
       ('cc02bc14-8b14-4e7f-bb4a-111c2d123bd8', '2024-12-11 12:00:00+00', 'This is the content of news item number 15',
        'News Title15'),
       ('bc02bc14-8b14-4e7f-bb4a-111c2d123bd9', '2024-12-10 12:00:00+00', 'This is the content of news item number 16',
        'News Title16'),
       ('ac02bc14-8b14-4e7f-bb4a-111c2d123bda', '2024-12-09 12:00:00+00', 'This is the content of news item number 17',
        'News Title17'),
       ('fc02bc14-8b14-4e7f-bb4a-111c2d123bdb', '2024-12-08 12:00:00+00', 'This is the content of news item number 18',
        'News Title18'),
       ('bc01bc14-8b14-4e7f-bb4a-111c2d123bdc', '2024-12-07 12:00:00+00', 'This is the content of news item number 19',
        'News Title19'),
       ('dc02bc14-8b14-4e7f-bb4a-111c2d123bdd', '2024-12-06 12:00:00+00', 'This is the content of news item number 20',
        'News Title20');

INSERT INTO Comment (id, time, text, username, news_id) VALUES
('c5aadb64-1db1-4e5c-91ad-1b3c1d154af2', '2024-12-25 13:00:00+00', 'Great article!','user1231', 'c5aadb64-1db1-4e5c-91ad-1b3c1d154af1'),
('c5aadb64-1db1-4e5c-91ad-1b3c1d154af3', '2024-12-25 13:05:00+00', 'Very informative.','user1232', 'c5aadb64-1db1-4e5c-91ad-1b3c1d154af1'),
('c5aadb64-1db1-4e5c-91ad-1b3c1d154af4', '2024-12-25 13:10:00+00','Thanks for sharing.' ,'user1233', 'c5aadb64-1db1-4e5c-91ad-1b3c1d154af1'),
('c5aadb64-1db1-4e5c-91ad-1b3c1d154af5', '2024-12-25 13:15:00+00', 'I disagree with some points.','user1234', 'c5aadb64-1db1-4e5c-91ad-1b3c1d154af1'),
('c5aadb64-1db1-4e5c-91ad-1b3c1d154af6', '2024-12-25 13:20:00+00', 'This needs more context.','user1235', 'c5aadb64-1db1-4e5c-91ad-1b3c1d154af1'),
('c5aadb64-1db1-4e5c-91ad-1b3c1d154af7', '2024-12-25 13:25:00+00', 'Excellent write-up!','user1236', 'c5aadb64-1db1-4e5c-91ad-1b3c1d154af1'),
('c5aadb64-1db1-4e5c-91ad-1b3c1d154af8', '2024-12-25 13:30:00+00', 'Loved the examples.','user1237', 'c5aadb64-1db1-4e5c-91ad-1b3c1d154af1'),
('c5aadb64-1db1-4e5c-91ad-1b3c1d154af9', '2024-12-25 13:35:00+00','Could be better explained.' ,'user1238', 'c5aadb64-1db1-4e5c-91ad-1b3c1d154af1'),
('c4aadb64-1db1-4e5c-91ad-1b3c1d154af2', '2024-12-25 13:40:00+00', 'Looking forward to more.','user1239', 'c5aadb64-1db1-4e5c-91ad-1b3c1d154af1'),
('c5aadb65-1db1-4e5c-91ad-1b3c1d154af2', '2024-12-25 13:45:00+00','Awesome content.' ,'user12300', 'c5aadb64-1db1-4e5c-91ad-1b3c1d154af1'),

('1c01bc11-8b14-4e7f-bb4a-111c2d123abc','2024-12-24 13:00:00+00' ,'Insightful!' ,'u1ser123', '1c01bc14-8b14-4e7f-bb4a-111c2d123abc'),
('1c01bc12-8b14-4e7f-bb4a-111c2d123abc', '2024-12-24 13:05:00+00', 'I learned a lot.','Admin', '1c01bc14-8b14-4e7f-bb4a-111c2d123abc'),
('1c01bc13-8b14-4e7f-bb4a-111c2d123abc', '2024-12-24 13:10:00+00', 'Please add more sources.','Admin', '1c01bc14-8b14-4e7f-bb4a-111c2d123abc'),
('1c01bc15-8b14-4e7f-bb4a-111c2d123abc','2024-12-24 13:15:00+00' ,'Interesting point of view.' ,'use4r123', '1c01bc14-8b14-4e7f-bb4a-111c2d123abc'),
('1c01bc16-8b14-4e7f-bb4a-111c2d123abc', '2024-12-24 13:20:00+00', 'I shared this with my friends.','user5123','1c01bc14-8b14-4e7f-bb4a-111c2d123abc' ),
('1c01bc17-8b14-4e7f-bb4a-111c2d123abc', '2024-12-24 13:25:00+00', 'Too simplistic.','user1623', '1c01bc14-8b14-4e7f-bb4a-111c2d123abc'),
('1c01bc18-8b14-4e7f-bb4a-111c2d123abc', '2024-12-24 13:30:00+00', 'Love the analysis.','user1273', '1c01bc14-8b14-4e7f-bb4a-111c2d123abc'),
('1c01bc19-8b14-4e7f-bb4a-111c2d123abc', '2024-12-24 13:35:00+00','This article is inspiring.' ,'user1238', '1c01bc14-8b14-4e7f-bb4a-111c2d123abc'),
('1c01bc24-8b14-4e7f-bb4a-111c2d123abc', '2024-12-24 13:40:00+00', 'Not sure if I agree.','user4123', '1c01bc14-8b14-4e7f-bb4a-111c2d123abc'),
('1c01bc34-8b14-4e7f-bb4a-111c2d123abc', '2024-12-24 13:45:00+00', 'Great perspective.','user12423', '1c01bc14-8b14-4e7f-bb4a-111c2d123abc'),

('2a23ad16-b7cd-4c9d-a5e2-124b2d1e9def', '2024-12-23 12:01:00+00', 'Absolutely loved this piece!', 'user123', '2a23ad56-b7cd-4c9d-a5e2-124b2d1e9def'),
('2a23ad26-b7cd-4c9d-a5e2-124b2d1e9def', '2024-12-23 12:02:00+00', 'This article is very timely.', 'user123', '2a23ad56-b7cd-4c9d-a5e2-124b2d1e9def'),
('2a23ad36-b7cd-4c9d-a5e2-124b2d1e9def', '2024-12-23 12:03:00+00', 'Insightful and well-researched!', 'user123', '2a23ad56-b7cd-4c9d-a5e2-124b2d1e9def'),
('2a23ad46-b7cd-4c9d-a5e2-124b2d1e9def', '2024-12-23 12:04:00+00', 'I’m sharing this with everyone I know.', 'user123', '2a23ad56-b7cd-4c9d-a5e2-124b2d1e9def'),
('2a23ad55-b7cd-4c9d-a5e2-124b2d1e9def', '2024-12-23 12:05:00+00', 'Your writing style is excellent.', 'user123', '2a23ad56-b7cd-4c9d-a5e2-124b2d1e9def'),
('2a23ad66-b7cd-4c9d-a5e2-124b2d1e9def', '2024-12-23 12:06:00+00', 'This article deserves more views.', 'user123', '2a23ad56-b7cd-4c9d-a5e2-124b2d1e9def'),
('2a23ad76-b7cd-4c9d-a5e2-124b2d1e9def', '2024-12-23 12:07:00+00', 'Can’t wait to see more from you.', 'user123', '2a23ad56-b7cd-4c9d-a5e2-124b2d1e9def'),
('2a23ad86-b7cd-4c9d-a5e2-124b2d1e9def', '2024-12-23 12:08:00+00', 'This helped me a lot, thank you.', 'user123', '2a23ad56-b7cd-4c9d-a5e2-124b2d1e9def'),
('2a23ad96-b7cd-4c9d-a5e2-124b2d1e9def', '2024-12-23 12:09:00+00', 'I disagree with some points here.', 'user123', '2a23ad56-b7cd-4c9d-a5e2-124b2d1e9def'),
('2a23ad59-b7cd-4c9d-a5e2-124b2d1e9def', '2024-12-23 12:10:00+00', 'This is exactly what I needed.', 'user123', '2a23ad56-b7cd-4c9d-a5e2-124b2d1e9def'),

('3f34cb76-0cbb-2b1d-bc2d-143a2f9e8bcd', '2024-12-22 12:01:00+00', 'Brilliant take on the subject.', 'user1231', '3f34cb76-0cbb-4b1d-bc2d-143a2f9e8bcd'),
('3f34cb76-0cbb-4b2d-bc2d-143a2f9e8bcd', '2024-12-22 12:02:00+00', 'This should be taught in schools.', 'user1232', '3f34cb76-0cbb-4b1d-bc2d-143a2f9e8bcd'),
('3f34cb76-0cbb-4b3d-bc2d-143a2f9e8bcd', '2024-12-22 12:03:00+00', 'Never seen this topic explained so clearly.', 'user1233', '3f34cb76-0cbb-4b1d-bc2d-143a2f9e8bcd'),
('3f34cb76-0cbb-4b4d-bc2d-143a2f9e8bcd', '2024-12-22 12:04:00+00', 'I learned so much from this.', 'user1234', '3f34cb76-0cbb-4b1d-bc2d-143a2f9e8bcd'),
('3f34cb76-0cbb-4b5d-bc2d-143a2f9e8bcd', '2024-12-22 12:05:00+00', 'Your research is impressive.', 'user1235', '3f34cb76-0cbb-4b1d-bc2d-143a2f9e8bcd'),
('3f34cb76-0cbb-4b6d-bc2d-143a2f9e8bcd', '2024-12-22 12:06:00+00', 'Thanks for explaining this.', 'user1236', '3f34cb76-0cbb-4b1d-bc2d-143a2f9e8bcd'),
('3f34cb76-0cbb-4b7d-bc2d-143a2f9e8bcd', '2024-12-22 12:07:00+00', 'I feel smarter after reading this.', 'user1237', '3f34cb76-0cbb-4b1d-bc2d-143a2f9e8bcd'),
('3f34cb76-0cbb-4b8d-bc2d-143a2f9e8bcd', '2024-12-22 12:08:00+00', 'This was very engaging.', 'user1238', '3f34cb76-0cbb-4b1d-bc2d-143a2f9e8bcd'),
('3f34cb76-0cbb-4b9d-bc2d-143a2f9e8bcd', '2024-12-22 12:09:00+00', 'Great work, as always!', 'user1239', '3f34cb76-0cbb-4b1d-bc2d-143a2f9e8bcd'),
('3f34cb76-0cbb-1b1d-bc2d-143a2f9e8bcd', '2024-12-22 12:10:00+00', 'Please write about this again.', 'user123990', '3f34cb76-0cbb-4b1d-bc2d-143a2f9e8bcd'),

('8c32ad91-6a45-4b2c-a9e4-112d8b1f9afe', '2024-12-21 12:01:00+00', 'Very well-written article!', 'user123', '8c32ad98-6a45-4b2c-a9e4-112d8b1f9afe'),
('8c32ad90-6a45-4b2c-a9e4-112d8b1f9afe', '2024-12-21 12:02:00+00', 'I really appreciate the depth of this analysis.', 'user123', '8c32ad98-6a45-4b2c-a9e4-112d8b1f9afe'),
('8c32ad92-6a45-4b2c-a9e4-112d8b1f9afe', '2024-12-21 12:03:00+00', 'This article is a must-read!', 'user123', '8c32ad98-6a45-4b2c-a9e4-112d8b1f9afe'),
('8c32ad93-6a45-4b2c-a9e4-112d8b1f9afe', '2024-12-21 12:04:00+00', 'I didn’t know about this topic before, great intro.', 'user123', '8c32ad98-6a45-4b2c-a9e4-112d8b1f9afe'),
('8c32ad94-6a45-4b2c-a9e4-112d8b1f9afe', '2024-12-21 12:05:00+00', 'Great points, very informative!', 'user123', '8c32ad98-6a45-4b2c-a9e4-112d8b1f9afe'),
('8c32ad95-6a45-4b2c-a9e4-112d8b1f9afe', '2024-12-21 12:06:00+00', 'I’ve learned a lot from this article.', 'user123', '8c32ad98-6a45-4b2c-a9e4-112d8b1f9afe'),
('8c32ad96-6a45-4b2c-a9e4-112d8b1f9afe', '2024-12-21 12:07:00+00', 'The examples were very helpful.', 'user123', '8c32ad98-6a45-4b2c-a9e4-112d8b1f9afe'),
('8c32ad97-6a45-4b2c-a9e4-112d8b1f9afe', '2024-12-21 12:08:00+00', 'It’s refreshing to read such a well-researched article.', 'user123', '8c32ad98-6a45-4b2c-a9e4-112d8b1f9afe'),
('8c32ad88-6a45-4b2c-a9e4-112d8b1f9afe', '2024-12-21 12:09:00+00', 'Could you expand on this topic more?', 'user123', '8c32ad98-6a45-4b2c-a9e4-112d8b1f9afe'),
('8c32ad78-6a45-4b2c-a9e4-112d8b1f9afe', '2024-12-21 12:10:00+00', 'Amazing work, keep it up!', 'user123', '8c32ad98-6a45-4b2c-a9e4-112d8b1f9afe'),

('4c01bc14-8b14-4e7f-bb4a-211c2d123bcf', '2024-12-20 12:01:00+00', 'Very insightful!', 'user123', '4c01bc14-8b14-4e7f-bb4a-111c2d123bcf'),
('4c01bc14-8b14-4e7f-bb4a-011c2d123bcf', '2024-12-20 12:02:00+00', 'I completely agree with the analysis.', 'user123', '4c01bc14-8b14-4e7f-bb4a-111c2d123bcf'),
('4c01bc14-8b14-4e7f-bb4a-311c2d123bcf', '2024-12-20 12:03:00+00', 'This is exactly what I needed no.', 'user123', '4c01bc14-8b14-4e7f-bb4a-111c2d123bcf'),
('4c01bc14-8b14-4e7f-bb4a-411c2d123bcf', '2024-12-20 12:04:00+00', 'Such a detailed and thorough analysis, thank you!', 'user123', '4c01bc14-8b14-4e7f-bb4a-111c2d123bcf'),
('4c01bc14-8b14-4e7f-bb4a-511c2d123bcf', '2024-12-20 12:05:00+00', 'This article should be shared with everyone.', 'user123', '4c01bc14-8b14-4e7f-bb4a-111c2d123bcf'),
('4c01bc14-8b14-4e7f-bb4a-611c2d123bcf', '2024-12-20 12:06:00+00', 'Loved the research behind this!', 'user123', '4c01bc14-8b14-4e7f-bb4a-111c2d123bcf'),
('4c01bc14-8b14-4e7f-bb4a-711c2d123bcf', '2024-12-20 12:07:00+00', 'Very thought-provoking content, thanks for sharing.', 'user123', '4c01bc14-8b14-4e7f-bb4a-111c2d123bcf'),
('4c01bc14-8b14-4e7f-bb4a-811c2d123bcf', '2024-12-20 12:08:00+00', 'I look forward to more of your work.', 'user123', '4c01bc14-8b14-4e7f-bb4a-111c2d123bcf'),
('4c01bc14-8b14-4e7f-bb4a-911c2d123bcf', '2024-12-20 12:09:00+00', 'I agree with your perspective, great read!', 'user123', '4c01bc14-8b14-4e7f-bb4a-111c2d123bcf'),
('4c01bc14-8b14-4e7f-bb4a-133c2d123bcf', '2024-12-20 12:10:00+00', 'This is one of the best articles I’ve read recently.', 'user123', '4c01bc14-8b14-4e7f-bb4a-111c2d123bcf'),

('6c01bc14-8b14-4e7f-bb4a-111c2d123bd1', '2024-12-19 12:01:00+00', 'Great take on the subject matter.', 'user123', '6c01bc14-8b14-4e7f-bb4a-111c2d123bd0'),
('6c01bc14-8b14-4e7f-bb4a-111c2d123bd2', '2024-12-19 12:02:00+00', 'Your approach is very fresh, love it.', 'user123', '6c01bc14-8b14-4e7f-bb4a-111c2d123bd0'),
('6c01bc14-8b14-4e7f-bb4a-111c2d123bd3', '2024-12-19 12:03:00+00', 'I really enjoyed reading this.', 'user123', '6c01bc14-8b14-4e7f-bb4a-111c2d123bd0'),
('6c01bc14-8b14-4e7f-bb4a-111c2d123bd4', '2024-12-19 12:04:00+00', 'Such a unique perspective, thank you for sharing!', 'user123', '6c01bc14-8b14-4e7f-bb4a-111c2d123bd0'),
('6c01bc14-8b14-4e7f-bb4a-111c2d123bd5', '2024-12-19 12:05:00+00', 'Very good job on the research and presentation.', 'user123', '6c01bc14-8b14-4e7f-bb4a-111c2d123bd0'),
('6c01bc14-8b14-4e7f-bb4a-111c2d123bd6', '2024-12-19 12:06:00+00', 'I am definitely going to share this article.', 'user123', '6c01bc14-8b14-4e7f-bb4a-111c2d123bd0'),
('6c01bc14-8b14-4e7f-bb4a-111c2d123bd7', '2024-12-19 12:07:00+00', 'You’ve made some excellent points here.', 'user123', '6c01bc14-8b14-4e7f-bb4a-111c2d123bd0'),
('6c01bc14-8b14-4e7f-bb4a-111c2d123bd8', '2024-12-19 12:08:00+00', 'Very informative and well-written!', 'user123', '6c01bc14-8b14-4e7f-bb4a-111c2d123bd0'),
('6c01bc14-8b14-4e7f-bb4a-111c2d123bd9', '2024-12-19 12:09:00+00', 'I didn’t expect this angle, but it’s brilliant.', 'user123', '6c01bc14-8b14-4e7f-bb4a-111c2d123bd0'),
('6c01bc14-8b14-4e7f-bb4a-123c2d123bd0', '2024-12-19 12:10:00+00', 'Great work, looking forward to more articles.', 'user123', '6c01bc14-8b14-4e7f-bb4a-111c2d123bd0'),

('7c01bc14-8b14-4e7f-bb4a-111c2d123bd0', '2024-12-18 12:01:00+00', 'Amazing! Couldn’t agree more with your points.', 'user123', '7c01bc14-8b14-4e7f-bb4a-111c2d123bd1'),
('7c01bc14-8b14-4e7f-bb4a-111c2d123bd2', '2024-12-18 12:02:00+00', 'You’ve articulated the ideas so well.', 'user123', '7c01bc14-8b14-4e7f-bb4a-111c2d123bd1'),
('7c01bc14-8b14-4e7f-bb4a-111c2d123bd3', '2024-12-18 12:03:00+00', 'This is very well thought out, excellent work.', 'user123', '7c01bc14-8b14-4e7f-bb4a-111c2d123bd1'),
('7c01bc14-8b14-4e7f-bb4a-111c2d123bd4', '2024-12-18 12:04:00+00', 'I completely agree with your conclusions.', 'user123', '7c01bc14-8b14-4e7f-bb4a-111c2d123bd1'),
('7c01bc14-8b14-4e7f-bb4a-111c2d123bd5', '2024-12-18 12:05:00+00', 'Your writing is so compelling, well done.', 'user123', '7c01bc14-8b14-4e7f-bb4a-111c2d123bd1'),
('7c01bc14-8b14-4e7f-bb4a-111c2d123bd6', '2024-12-18 12:06:00+00', 'Great article, I’m sharing it with my friends.', 'user123', '7c01bc14-8b14-4e7f-bb4a-111c2d123bd1'),
('7c01bc14-8b14-4e7f-bb4a-111c2d123bd7', '2024-12-18 12:07:00+00', 'I’ll definitely be reading more of your work.', 'user123', '7c01bc14-8b14-4e7f-bb4a-111c2d123bd1'),
('7c01bc14-8b14-4e7f-bb4a-111c2d123bd8', '2024-12-18 12:08:00+00', 'Fantastic article, keep up the great work!', 'user123', '7c01bc14-8b14-4e7f-bb4a-111c2d123bd1'),
('7c01bc14-8b14-4e7f-bb4a-111c2d123bd9', '2024-12-18 12:09:00+00', 'So inspiring, thank you!', 'user123', '7c01bc14-8b14-4e7f-bb4a-111c2d123bd1'),
('7c01bc14-8b14-4e7f-bb9a-111c2d123bd1', '2024-12-18 12:10:00+00', 'Your analysis is sharp and insightful.', 'user123', '7c01bc14-8b14-4e7f-bb4a-111c2d123bd1'),

('8c01bc14-8b10-4e7f-bb4a-111c2d123bd2', '2024-12-17 12:01:00+00', 'Absolutely love this article, very informative!', 'user123', '8c01bc14-8b14-4e7f-bb4a-111c2d123bd2'),
('8c01bc14-8b11-4e7f-bb4a-111c2d123bd2', '2024-12-17 12:02:00+00', 'Your insights are truly valuable.', 'user123', '8c01bc14-8b14-4e7f-bb4a-111c2d123bd2'),
('8c01bc14-8b12-4e7f-bb4a-111c2d123bd2', '2024-12-17 12:03:00+00', 'Great read, would love to hear more on this topic.', 'user123', '8c01bc14-8b14-4e7f-bb4a-111c2d123bd2'),
('8c01bc14-8b13-4e7f-bb4a-111c2d123bd2', '2024-12-17 12:04:00+00', 'You’ve explained everything so clearly, thanks!', 'user123', '8c01bc14-8b14-4e7f-bb4a-111c2d123bd2'),
('8c01bc14-8b15-4e7f-bb4a-111c2d123bd2', '2024-12-17 12:05:00+00', 'Excellent analysis, well done!', 'user123', '8c01bc14-8b14-4e7f-bb4a-111c2d123bd2'),
('8c01bc14-8b16-4e7f-bb4a-111c2d123bd2', '2024-12-17 12:06:00+00', 'Very insightful and well-written!', 'user123', '8c01bc14-8b14-4e7f-bb4a-111c2d123bd2'),
('8c01bc14-8b17-4e7f-bb4a-111c2d123bd2', '2024-12-17 12:07:00+00', 'I love how you tackled this subject.', 'user123', '8c01bc14-8b14-4e7f-bb4a-111c2d123bd2'),
('8c01bc14-8b18-4e7f-bb4a-111c2d123bd2', '2024-12-17 12:08:00+00', 'This article gave me a new perspective, thank you!', 'user123', '8c01bc14-8b14-4e7f-bb4a-111c2d123bd2'),
('8c01bc14-8b19-4e7f-bb4a-111c2d123bd2', '2024-12-17 12:09:00+00', 'I will definitely be sharing this with others.', 'user123', '8c01bc14-8b14-4e7f-bb4a-111c2d123bd2'),
('8c01bc14-8b44-4e7f-bb4a-111c2d123bd2', '2024-12-17 12:10:00+00', 'Can’t wait to see more articles like this!', 'user123', '8c01bc14-8b14-4e7f-bb4a-111c2d123bd2'),

('9c01bc14-8b14-4e7f-bb4a-101c2d123bd3', '2024-12-16 12:01:00+00', 'This is one of the best pieces I’ve read in a while.', 'user123', '9c01bc14-8b14-4e7f-bb4a-111c2d123bd3'),
('9c01bc14-8b14-4e7f-bb4a-121c2d123bd3', '2024-12-16 12:02:00+00', 'Amazing writing, very compelling!', 'user123', '9c01bc14-8b14-4e7f-bb4a-111c2d123bd3'),
('9c01bc14-8b14-4e7f-bb4a-131c2d123bd3', '2024-12-16 12:03:00+00', 'Such a powerful message in this article.', 'user123', '9c01bc14-8b14-4e7f-bb4a-111c2d123bd3'),
('9c01bc14-8b14-4e7f-bb4a-141c2d123bd3', '2024-12-16 12:04:00+00', 'I agree with all your points here, fantastic job!', 'user123', '9c01bc14-8b14-4e7f-bb4a-111c2d123bd3'),
('9c01bc14-8b14-4e7f-bb4a-151c2d123bd3', '2024-12-16 12:05:00+00', 'Very thought-provoking, keep up the great work!', 'user123', '9c01bc14-8b14-4e7f-bb4a-111c2d123bd3'),
('9c01bc14-8b14-4e7f-bb4a-161c2d123bd3', '2024-12-16 12:06:00+00', 'I love how you broke everything down so clearly.', 'user123', '9c01bc14-8b14-4e7f-bb4a-111c2d123bd3'),
('9c01bc14-8b14-4e7f-bb4a-171c2d123bd3', '2024-12-16 12:07:00+00', 'This is such a well-researched and well-written article.', 'user123', '9c01bc14-8b14-4e7f-bb4a-111c2d123bd3'),
('9c01bc14-8b14-4e7f-bb4a-181c2d123bd3', '2024-12-16 12:08:00+00', 'You’ve made some excellent points, well done!', 'user123', '9c01bc14-8b14-4e7f-bb4a-111c2d123bd3'),
('9c01bc14-8b14-4e7f-bb4a-191c2d123bd3', '2024-12-16 12:09:00+00', 'This article is a must-read for everyone.', 'user123', '9c01bc14-8b14-4e7f-bb4a-111c2d123bd3'),
('9c01bc14-8b14-4e7f-bb4a-199c2d123bd3', '2024-12-16 12:10:00+00', 'Looking forward to more articles like this!', 'user123', '9c01bc14-8b14-4e7f-bb4a-111c2d123bd3'),

('0c11bc14-8b04-4e7f-bb4a-111c2d123bd4', '2024-12-15 12:01:00+00', 'Incredible insight, thank you for sharing!', 'user123', '0c11bc14-8b14-4e7f-bb4a-111c2d123bd4'),
('0c11bc14-8b24-4e7f-bb4a-111c2d123bd4', '2024-12-15 12:02:00+00', 'You’ve done an excellent job explaining this topic.', 'user123', '0c11bc14-8b14-4e7f-bb4a-111c2d123bd4'),
('0c11bc14-8b34-4e7f-bb4a-111c2d123bd4', '2024-12-15 12:03:00+00', 'I really appreciate the depth you’ve gone into here.', 'user123', '0c11bc14-8b14-4e7f-bb4a-111c2d123bd4'),
('0c11bc14-8b44-4e7f-bb4a-111c2d123bd4', '2024-12-15 12:04:00+00', 'Such a great read, I learned a lot from this article.', 'user123', '0c11bc14-8b14-4e7f-bb4a-111c2d123bd4'),
('0c11bc14-8b54-4e7f-bb4a-111c2d123bd4', '2024-12-15 12:05:00+00', 'The research behind this is outstanding, great job!', 'user123', '0c11bc14-8b14-4e7f-bb4a-111c2d123bd4'),
('0c11bc14-8b64-4e7f-bb4a-111c2d123bd4', '2024-12-15 12:06:00+00', 'You’ve raised some excellent points here, thanks for the article!', 'user123', '0c11bc14-8b14-4e7f-bb4a-111c2d123bd4'),
('0c11bc14-8b74-4e7f-bb4a-111c2d123bd4', '2024-12-15 12:07:00+00', 'I’m really impressed with your analysis on this.', 'user123', '0c11bc14-8b14-4e7f-bb4a-111c2d123bd4'),
('0c11bc14-8b84-4e7f-bb4a-111c2d123bd4', '2024-12-15 12:08:00+00', 'Fantastic, I’ll definitely be sharing this one.', 'user123', '0c11bc14-8b14-4e7f-bb4a-111c2d123bd4'),
('0c11bc14-8b94-4e7f-bb4a-111c2d123bd4', '2024-12-15 12:09:00+00', 'I can’t wait to read more from you.', 'user123', '0c11bc14-8b14-4e7f-bb4a-111c2d123bd4'),
('0c11bc14-8b99-4e7f-bb4a-111c2d123bd4', '2024-12-15 12:10:00+00', 'Great job, keep the content coming!', 'user123', '0c11bc14-8b14-4e7f-bb4a-111c2d123bd4'),

('fc02bc14-8b14-0e7f-bb4a-111c2d123bd5', '2024-12-14 12:01:00+00', 'This article is truly one of the best I’ve read in a while.', 'user123', 'fc02bc14-8b14-4e7f-bb4a-111c2d123bd5'),
('fc02bc14-8b14-1e7f-bb4a-111c2d123bd5', '2024-12-14 12:02:00+00', 'I couldn’t agree more with your analysis.', 'user123', 'fc02bc14-8b14-4e7f-bb4a-111c2d123bd5'),
('fc02bc14-8b14-2e7f-bb4a-111c2d123bd5', '2024-12-14 12:03:00+00', 'Thank you for shedding light on this topic!', 'user123', 'fc02bc14-8b14-4e7f-bb4a-111c2d123bd5'),
('fc02bc14-8b14-3e7f-bb4a-111c2d123bd5', '2024-12-14 12:04:00+00', 'Really great insights, I’ll be reading more from you.', 'user123', 'fc02bc14-8b14-4e7f-bb4a-111c2d123bd5'),
('fc02bc14-8b14-5e7f-bb4a-111c2d123bd5', '2024-12-14 12:05:00+00', 'This was such an enlightening read, thank you!', 'user123', 'fc02bc14-8b14-4e7f-bb4a-111c2d123bd5'),
('fc02bc14-8b14-6e7f-bb4a-111c2d123bd5', '2024-12-14 12:06:00+00', 'You’ve made an excellent point, well done!', 'user123', 'fc02bc14-8b14-4e7f-bb4a-111c2d123bd5'),
('fc02bc14-8b14-7e7f-bb4a-111c2d123bd5', '2024-12-14 12:07:00+00', 'I’m excited to see what you write next.', 'user123', 'fc02bc14-8b14-4e7f-bb4a-111c2d123bd5'),
('fc02bc14-8b14-8e7f-bb4a-111c2d123bd5', '2024-12-14 12:08:00+00', 'So informative and eye-opening, keep it up!', 'user123', 'fc02bc14-8b14-4e7f-bb4a-111c2d123bd5'),
('fc02bc14-8b14-9e7f-bb4a-111c2d123bd5', '2024-12-14 12:09:00+00', 'This article is a game changer!', 'user123', 'fc02bc14-8b14-4e7f-bb4a-111c2d123bd5'),
('fc02bc14-8b14-0e0f-bb4a-111c2d123bd5', '2024-12-14 12:10:00+00', 'Excellent work, thank you for the information!', 'user123', 'fc02bc14-8b14-4e7f-bb4a-111c2d123bd5'),

('ec02bc14-8b14-4e7f-bb4a-111c0d123bd6', '2024-12-13 12:01:00+00', 'Such an eye-opening article, well done!', 'user123', 'ec02bc14-8b14-4e7f-bb4a-111c2d123bd6'),
('ec02bc14-8b14-4e7f-bb4a-111c1d123bd6', '2024-12-13 12:02:00+00', 'You’ve hit the nail on the head with this one.', 'user123', 'ec02bc14-8b14-4e7f-bb4a-111c2d123bd6'),
('ec02bc14-8b14-4e7f-bb4a-111c3d123bd6', '2024-12-13 12:03:00+00', 'This was a really insightful read.', 'user123', 'ec02bc14-8b14-4e7f-bb4a-111c2d123bd6'),
('ec02bc14-8b14-4e7f-bb4a-111c4d123bd6', '2024-12-13 12:04:00+00', 'I learned so much from this, thank you!', 'user123', 'ec02bc14-8b14-4e7f-bb4a-111c2d123bd6'),
('ec02bc14-8b14-4e7f-bb4a-111c5d123bd6', '2024-12-13 12:05:00+00', 'Incredible depth of knowledge in this article.', 'user123', 'ec02bc14-8b14-4e7f-bb4a-111c2d123bd6'),
('ec02bc14-8b14-4e7f-bb4a-111c6d123bd6', '2024-12-13 12:06:00+00', 'You’re doing an amazing job with this content, keep it up!', 'user123', 'ec02bc14-8b14-4e7f-bb4a-111c2d123bd6'),
('ec02bc14-8b14-4e7f-bb4a-111c7d123bd6', '2024-12-13 12:07:00+00', 'Great work, I hope you write more articles like this.', 'user123', 'ec02bc14-8b14-4e7f-bb4a-111c2d123bd6'),
('ec02bc14-8b14-4e7f-bb4a-111c8d123bd6', '2024-12-13 12:08:00+00', 'Truly appreciated the insights you provided, thank you.', 'user123', 'ec02bc14-8b14-4e7f-bb4a-111c2d123bd6'),
('ec02bc14-8b14-4e7f-bb4a-111c9d123bd6', '2024-12-13 12:09:00+00', 'Excellent work, looking forward to your next piece.', 'user123', 'ec02bc14-8b14-4e7f-bb4a-111c2d123bd6'),
('ec02bc14-8b14-4e7f-bb4a-111c2d111bd6', '2024-12-13 12:10:00+00', 'This article has definitely made me think differently.', 'user123', 'ec02bc14-8b14-4e7f-bb4a-111c2d123bd6'),

('dc02bc14-0b14-4e7f-bb4a-111c2d123bd7', '2024-12-12 12:01:00+00', 'This article is truly captivating!', 'user123', 'dc02bc14-8b14-4e7f-bb4a-111c2d123bd7'),
('dc02bc14-1b14-4e7f-bb4a-111c2d123bd7', '2024-12-12 12:02:00+00', 'I love how you laid everything out in such an understandable way.', 'user123', 'dc02bc14-8b14-4e7f-bb4a-111c2d123bd7'),
('dc02bc14-2b14-4e7f-bb4a-111c2d123bd7', '2024-12-12 12:03:00+00', 'One of the best articles I’ve read this year.', 'user123', 'dc02bc14-8b14-4e7f-bb4a-111c2d123bd7'),
('dc02bc14-3b14-4e7f-bb4a-111c2d123bd7', '2024-12-12 12:04:00+00', 'Your writing is always top-notch, this is no exception.', 'user123', 'dc02bc14-8b14-4e7f-bb4a-111c2d123bd7'),
('dc02bc14-4b14-4e7f-bb4a-111c2d123bd7', '2024-12-12 12:05:00+00', 'Such a thorough analysis, thank you for sharing this.', 'user123', 'dc02bc14-8b14-4e7f-bb4a-111c2d123bd7'),
('dc02bc14-5b14-4e7f-bb4a-111c2d123bd7', '2024-12-12 12:06:00+00', 'I really appreciate how much research went into this article.', 'user123', 'dc02bc14-8b14-4e7f-bb4a-111c2d123bd7'),
('dc02bc14-6b14-4e7f-bb4a-111c2d123bd7', '2024-12-12 12:07:00+00', 'You’ve made a great contribution to this subject, thank you!', 'user123', 'dc02bc14-8b14-4e7f-bb4a-111c2d123bd7'),
('dc02bc14-7b14-4e7f-bb4a-111c2d123bd7', '2024-12-12 12:08:00+00', 'This is a must-read for anyone interested in this topic.', 'user123', 'dc02bc14-8b14-4e7f-bb4a-111c2d123bd7'),
('dc02bc14-8b18-4e7f-bb4a-111c2d123bd7', '2024-12-12 12:09:00+00', 'Really well thought out and well written!', 'user123', 'dc02bc14-8b14-4e7f-bb4a-111c2d123bd7'),
('dc02bc14-9b14-4e7f-bb4a-111c2d123bd7', '2024-12-12 12:10:00+00', 'You’ve explained everything so clearly, great job!', 'user123', 'dc02bc14-8b14-4e7f-bb4a-111c2d123bd7'),

('cc02bc14-0b14-4e7f-bb4a-111c2d123bd8', '2024-12-11 12:01:00+00', 'This article made my day, truly insightful!', 'user123', 'cc02bc14-8b14-4e7f-bb4a-111c2d123bd8'),
('cc02bc14-1b14-4e7f-bb4a-111c2d123bd8', '2024-12-11 12:02:00+00', 'Fantastic insights, I agree with every word!', 'user123', 'cc02bc14-8b14-4e7f-bb4a-111c2d123bd8'),
('cc02bc14-2b14-4e7f-bb4a-111c2d123bd8', '2024-12-11 12:03:00+00', 'So many great points made in this article, really well done.', 'user123', 'cc02bc14-8b14-4e7f-bb4a-111c2d123bd8'),
('cc02bc14-3b14-4e7f-bb4a-111c2d123bd8', '2024-12-11 12:04:00+00', 'You’ve truly captured the essence of this topic, excellent work!', 'user123', 'cc02bc14-8b14-4e7f-bb4a-111c2d123bd8'),
('cc02bc14-4b14-4e7f-bb4a-111c2d123bd8', '2024-12-11 12:05:00+00', 'This is definitely one of the best reads I’ve had in a while.', 'user123', 'cc02bc14-8b14-4e7f-bb4a-111c2d123bd8'),
('cc02bc14-5b14-4e7f-bb4a-111c2d123bd8', '2024-12-11 12:06:00+00', 'Loved every bit of this, really well-written and thought out.', 'user123', 'cc02bc14-8b14-4e7f-bb4a-111c2d123bd8'),
('cc02bc14-6b14-4e7f-bb4a-111c2d123bd8', '2024-12-11 12:07:00+00', 'Thanks for sharing such a well-researched and informative article!', 'user123', 'cc02bc14-8b14-4e7f-bb4a-111c2d123bd8'),
('cc02bc14-7b14-4e7f-bb4a-111c2d123bd8', '2024-12-11 12:08:00+00', 'I’ll be recommending this to everyone I know!', 'user123', 'cc02bc14-8b14-4e7f-bb4a-111c2d123bd8'),
('cc02bc14-9b14-4e7f-bb4a-111c2d123bd8', '2024-12-11 12:09:00+00', 'Such a powerful and inspiring article.', 'user123', 'cc02bc14-8b14-4e7f-bb4a-111c2d123bd8'),
('cc02bc14-8b19-4e7f-bb4a-111c2d123bd8', '2024-12-11 12:10:00+00', 'This was a great read, I can’t wait for more!', 'user123', 'cc02bc14-8b14-4e7f-bb4a-111c2d123bd8'),

('bc02bc14-0b14-4e7f-bb4a-111c2d123bd9', '2024-12-10 12:01:00+00', 'Another great read, I’m always learning something new!', 'user123', 'bc02bc14-8b14-4e7f-bb4a-111c2d123bd9'),
('bc02bc14-1b14-4e7f-bb4a-111c2d123bd9', '2024-12-10 12:03:00+00', 'I never thought about this topic in such depth, excellent analysis.', 'user123', 'bc02bc14-8b14-4e7f-bb4a-111c2d123bd9'),
('bc02bc14-3b14-4e7f-bb4a-111c2d123bd9', '2024-12-10 12:04:00+00', 'You’ve done an excellent job of explaining complex ideas simply.', 'user123', 'bc02bc14-8b14-4e7f-bb4a-111c2d123bd9'),
('bc02bc14-4b14-4e7f-bb4a-111c2d123bd9', '2024-12-10 12:05:00+00', 'So insightful and engaging, I couldn’t stop reading!', 'user123', 'bc02bc14-8b14-4e7f-bb4a-111c2d123bd9'),
('bc02bc14-5b14-4e7f-bb4a-111c2d123bd9', '2024-12-10 12:06:00+00', 'This article is a must-read for anyone interested in this topic.', 'user123', 'bc02bc14-8b14-4e7f-bb4a-111c2d123bd9'),
('bc02bc14-6b14-4e7f-bb4a-111c2d123bd9', '2024-12-10 12:07:00+00', 'I’m so glad I came across this article, it’s really thought-provoking.', 'user123', 'bc02bc14-8b14-4e7f-bb4a-111c2d123bd9'),
('bc02bc14-7b14-4e7f-bb4a-111c2d123bd9', '2024-12-10 12:08:00+00', 'Excellent work, can’t wait for your next post on this subject!', 'user123', 'bc02bc14-8b14-4e7f-bb4a-111c2d123bd9'),
('bc02bc14-8b19-4e7f-bb4a-111c2d123bd9', '2024-12-10 12:09:00+00', 'Your take on this topic is so refreshing, keep it up!', 'user123', 'bc02bc14-8b14-4e7f-bb4a-111c2d123bd9'),
('bc02bc14-9b14-4e7f-bb4a-111c2d123bd9', '2024-12-10 12:10:00+00', 'Really enjoyed reading this, thank you for sharing such a great piece.', 'user123', 'bc02bc14-8b14-4e7f-bb4a-111c2d123bd9'),

('ac02bc14-0b14-4e7f-bb4a-111c2d123bda', '2024-12-09 12:01:00+00', 'Incredible insights, I learned so much from this article.', 'user123', 'ac02bc14-8b14-4e7f-bb4a-111c2d123bda'),
('ac02bc14-1b14-4e7f-bb4a-111c2d123bda', '2024-12-09 12:02:00+00', 'This article is a great addition to the conversation around this topic.', 'user123', 'ac02bc14-8b14-4e7f-bb4a-111c2d123bda'),
('ac02bc14-2b14-4e7f-bb4a-111c2d123bda', '2024-12-09 12:03:00+00', 'Well-researched and well-written, a perfect read for anyone interested in this field.', 'user123', 'ac02bc14-8b14-4e7f-bb4a-111c2d123bda'),
('ac02bc14-3b14-4e7f-bb4a-111c2d123bda', '2024-12-09 12:04:00+00', 'So many great points made here, thanks for sharing your thoughts!', 'user123', 'ac02bc14-8b14-4e7f-bb4a-111c2d123bda'),
('ac02bc14-4b14-4e7f-bb4a-111c2d123bda', '2024-12-09 12:05:00+00', 'One of the best reads I’ve had in a while, thank you for this article.', 'user123', 'ac02bc14-8b14-4e7f-bb4a-111c2d123bda'),
('ac02bc14-5b14-4e7f-bb4a-111c2d123bda', '2024-12-09 12:06:00+00', 'You’ve really covered all the angles in this topic, great job!', 'user123', 'ac02bc14-8b14-4e7f-bb4a-111c2d123bda'),
('ac02bc14-6b14-4e7f-bb4a-111c2d123bda', '2024-12-09 12:07:00+00', 'Such an informative read, I’ll definitely be looking out for more articles from you.', 'user123', 'ac02bc14-8b14-4e7f-bb4a-111c2d123bda'),
('ac02bc14-7b14-4e7f-bb4a-111c2d123bda', '2024-12-09 12:08:00+00', 'I learned a lot, thank you for providing such valuable information.', 'user123', 'ac02bc14-8b14-4e7f-bb4a-111c2d123bda'),
('ac02bc14-9b14-4e7f-bb4a-111c2d123bda', '2024-12-09 12:09:00+00', 'A great read for anyone looking to understand this topic better.', 'user123', 'ac02bc14-8b14-4e7f-bb4a-111c2d123bda'),
('ac02bc14-9b19-4e7f-bb4a-111c2d123bda', '2024-12-09 12:10:00+00', 'Looking forward to more articles like this, great work!', 'user123', 'ac02bc14-8b14-4e7f-bb4a-111c2d123bda'),

('fc02bc14-0b14-4e7f-bb4a-111c2d123bdb', '2024-12-08 12:01:00+00', 'This was such a great read, very informative!', 'user123', 'fc02bc14-8b14-4e7f-bb4a-111c2d123bdb'),
('fc02bc14-1b14-4e7f-bb4a-111c2d123bdb', '2024-12-08 12:02:00+00', 'Your research and analysis on this topic is impressive, well done!', 'user123', 'fc02bc14-8b14-4e7f-bb4a-111c2d123bdb'),
('fc02bc14-2b14-4e7f-bb4a-111c2d123bdb', '2024-12-08 12:03:00+00', 'I couldn’t agree more with the points you’ve made in this article.', 'user123', 'fc02bc14-8b14-4e7f-bb4a-111c2d123bdb'),
('fc02bc14-3b14-4e7f-bb4a-111c2d123bdb', '2024-12-08 12:04:00+00', 'I love how you break down complex topics in such an understandable way.', 'user123', 'fc02bc14-8b14-4e7f-bb4a-111c2d123bdb'),
('fc02bc14-4b14-4e7f-bb4a-111c2d123bdb', '2024-12-08 12:05:00+00', 'Such a thorough and well-rounded article, thank you for sharing.', 'user123', 'fc02bc14-8b14-4e7f-bb4a-111c2d123bdb'),
('fc02bc14-5b14-4e7f-bb4a-111c2d123bdb', '2024-12-08 12:06:00+00', 'This article really helped me gain a deeper understanding of the subject.', 'user123', 'fc02bc14-8b14-4e7f-bb4a-111c2d123bdb'),
('fc02bc14-6b14-4e7f-bb4a-111c2d123bdb', '2024-12-08 12:07:00+00', 'Great job with this piece, I’m looking forward to more!', 'user123', 'fc02bc14-8b14-4e7f-bb4a-111c2d123bdb'),
('fc02bc14-7b14-4e7f-bb4a-111c2d123bdb', '2024-12-08 12:08:00+00', 'Your take on this subject is refreshing, I appreciate the insight.', 'user123', 'fc02bc14-8b14-4e7f-bb4a-111c2d123bdb'),
('fc02bc14-9b14-4e7f-bb4a-111c2d123bdb', '2024-12-08 12:09:00+00', 'This article gave me a lot to think about, thank you for the perspective.', 'user123', 'fc02bc14-8b14-4e7f-bb4a-111c2d123bdb'),
('fc02bc14-9b94-4e7f-bb4a-111c2d123bdb', '2024-12-08 12:10:00+00', 'Your writing is always so engaging, looking forward to your next article.', 'user123', 'fc02bc14-8b14-4e7f-bb4a-111c2d123bdb'),

('bc01bc14-1b14-4e7f-bb4a-111c2d123bdc', '2024-12-07 12:01:00+00', 'I can’t get enough of these articles, so well-written!', 'user123', 'bc01bc14-8b14-4e7f-bb4a-111c2d123bdc'),
('bc01bc14-2b14-4e7f-bb4a-111c2d123bdc', '2024-12-07 12:02:00+00', 'This topic is so relevant right now, thank you for discussing it.', 'user123', 'bc01bc14-8b14-4e7f-bb4a-111c2d123bdc'),
('bc01bc14-3b14-4e7f-bb4a-111c2d123bdc', '2024-12-07 12:03:00+00', 'Excellent read, I’ve learned so much from this post.', 'user123', 'bc01bc14-8b14-4e7f-bb4a-111c2d123bdc'),
('bc01bc14-4b14-4e7f-bb4a-111c2d123bdc', '2024-12-07 12:04:00+00', 'The depth of research in this article is impressive, well done!', 'user123', 'bc01bc14-8b14-4e7f-bb4a-111c2d123bdc'),
('bc01bc14-5b14-4e7f-bb4a-111c2d123bdc', '2024-12-07 12:05:00+00', 'Thank you for breaking down this topic so clearly, it was really helpful.', 'user123', 'bc01bc14-8b14-4e7f-bb4a-111c2d123bdc'),
('bc01bc14-6b14-4e7f-bb4a-111c2d123bdc', '2024-12-07 12:06:00+00', 'A fascinating read, I appreciate how thorough you were.', 'user123', 'bc01bc14-8b14-4e7f-bb4a-111c2d123bdc'),
('bc01bc14-7b14-4e7f-bb4a-111c2d123bdc', '2024-12-07 12:07:00+00', 'I really enjoyed reading this article, can’t wait for the next one.', 'user123', 'bc01bc14-8b14-4e7f-bb4a-111c2d123bdc'),
('bc01bc14-0b14-4e7f-bb4a-111c2d123bdc', '2024-12-07 12:08:00+00', 'One of the most insightful articles I’ve read on this subject.', 'user123', 'bc01bc14-8b14-4e7f-bb4a-111c2d123bdc'),
('bc01bc14-9b14-4e7f-bb4a-111c2d123bdc', '2024-12-07 12:09:00+00', 'Your writing style is fantastic, it made the article even more engaging.', 'user123', 'bc01bc14-8b14-4e7f-bb4a-111c2d123bdc'),
('bc01bc14-9b94-4e7f-bb4a-111c2d123bdc', '2024-12-07 12:10:00+00', 'A great resource for anyone interested in this topic, thank you for sharing!', 'user123', 'bc01bc14-8b14-4e7f-bb4a-111c2d123bdc'),

('dc02bc14-0b14-4e7f-bb4a-111c2d123bdd', '2024-12-06 12:01:00+00', 'This article has opened my eyes to a whole new perspective, amazing!', 'user123', 'dc02bc14-8b14-4e7f-bb4a-111c2d123bdd'),
('dc02bc14-1b14-4e7f-bb4a-111c2d123bdd', '2024-12-06 12:02:00+00', 'Your points are so thought-provoking, I’m going to reflect on this for a while.', 'user123', 'dc02bc14-8b14-4e7f-bb4a-111c2d123bdd'),
('dc02bc14-2b14-4e7f-bb4a-111c2d123bdd', '2024-12-06 12:03:00+00', 'I love how you challenge conventional wisdom, very inspiring!', 'user123', 'dc02bc14-8b14-4e7f-bb4a-111c2d123bdd'),
('dc02bc14-3b14-4e7f-bb4a-111c2d123bdd', '2024-12-06 12:04:00+00', 'Great piece, I’m sharing this with all my friends who will also enjoy this.', 'user123', 'dc02bc14-8b14-4e7f-bb4a-111c2d123bdd'),
('dc02bc14-4b14-4e7f-bb4a-111c2d123bdd', '2024-12-06 12:05:00+00', 'This article really stood out to me, it’s packed with valuable information.', 'user123', 'dc02bc14-8b14-4e7f-bb4a-111c2d123bdd'),
('dc02bc14-5b14-4e7f-bb4a-111c2d123bdd', '2024-12-06 12:06:00+00', 'You’ve done a fantastic job covering all sides of this issue, great work!', 'user123', 'dc02bc14-8b14-4e7f-bb4a-111c2d123bdd'),
('dc02bc14-6b14-4e7f-bb4a-111c2d123bdd', '2024-12-06 12:07:00+00', 'I was hooked from start to finish, excellent read!', 'user123', 'dc02bc14-8b14-4e7f-bb4a-111c2d123bdd'),
('dc02bc14-7b14-4e7f-bb4a-111c2d123bdd', '2024-12-06 12:08:00+00', 'Such an informative piece, you’ve really educated me on this topic.', 'user123', 'dc02bc14-8b14-4e7f-bb4a-111c2d123bdd'),
('dc02bc14-9b14-4e7f-bb4a-111c2d123bdd', '2024-12-06 12:09:00+00', 'Can’t wait to see more articles like this, fantastic job!', 'user123', 'dc02bc14-8b14-4e7f-bb4a-111c2d123bdd'),
('dc02bc14-9b04-4e7f-bb4a-111c2d123bdd', '2024-12-06 12:10:00+00', 'This article is an absolute must-read, thank you for sharing it with us!', 'user123', 'dc02bc14-8b14-4e7f-bb4a-111c2d123bdd');

INSERT INTO client_name (client_id, username)
VALUES
    ('c5aadb64-1db1-4e5c-91ad-1b3c1d154af1', 'Admin'),
    ('1c01bc14-8b14-4e7f-bb4a-111c2d123abc', 'Admin'),
    ('2a23ad56-b7cd-4c9d-a5e2-124b2d1e9def', 'Admin'),
    ('3f34cb76-0cbb-4b1d-bc2d-143a2f9e8bcd', 'Admin'),
    ('8c32ad98-6a45-4b2c-a9e4-112d8b1f9afe', 'Admin'),
    ('4c01bc14-8b14-4e7f-bb4a-111c2d123bcf', 'Admin'),
    ('6c01bc14-8b14-4e7f-bb4a-111c2d123bd0', 'Admin'),
    ('7c01bc14-8b14-4e7f-bb4a-111c2d123bd1', 'Admin'),
    ('8c01bc14-8b14-4e7f-bb4a-111c2d123bd2', 'Admin'),
    ('9c01bc14-8b14-4e7f-bb4a-111c2d123bd3', 'Admin'),
    ('0c11bc14-8b14-4e7f-bb4a-111c2d123bd4', 'Admin'),
    ('fc02bc14-8b14-4e7f-bb4a-111c2d123bd5', 'Admin'),
    ('ec02bc14-8b14-4e7f-bb4a-111c2d123bd6', 'Admin'),
    ('dc02bc14-8b14-4e7f-bb4a-111c2d123bd7', 'Admin'),
    ('cc02bc14-8b14-4e7f-bb4a-111c2d123bd8', 'Admin'),
    ('bc02bc14-8b14-4e7f-bb4a-111c2d123bd9', 'Admin'),
    ('ac02bc14-8b14-4e7f-bb4a-111c2d123bda', 'Admin'),
    ('fc02bc14-8b14-4e7f-bb4a-111c2d123bdb', 'Admin'),
    ('bc01bc14-8b14-4e7f-bb4a-111c2d123bdc', 'Admin'),
    ('dc02bc14-8b14-4e7f-bb4a-111c2d123bdd', 'Admin');